i2_health,age,household_size,cantril_ladder,r1_1,r1_2,week_number,within_social_distance_policy_period,within_mandate_period,state_New South Wales,state_Northern Territory,state_Queensland,state_South Australia,state_Tasmania,state_Victoria,state_Western Australia,gender_Male,i9_health_Not sure,i9_health_Yes,employment_status_Not working,employment_status_Part time employment,employment_status_Retired,employment_status_Unemployed,i11_health_Not sure,i11_health_Somewhat unwilling,i11_health_Somewhat willing,i11_health_Very unwilling,i11_health_Very willing,WCRex1_Somewhat badly,WCRex1_Somewhat well,WCRex1_Very badly,WCRex1_Very well,WCRex2_A lot of confidence,WCRex2_Don't know,WCRex2_No confidence at all,WCRex2_Not very much confidence,PHQ4_1_N/A,PHQ4_1_Nearly every day,PHQ4_1_Not at all,PHQ4_1_Prefer not to say,PHQ4_1_Several days,PHQ4_2_N/A,PHQ4_2_Nearly every day,PHQ4_2_Not at all,PHQ4_2_Prefer not to say,PHQ4_2_Several days,PHQ4_3_N/A,PHQ4_3_Nearly every day,PHQ4_3_Not at all,PHQ4_3_Prefer not to say,PHQ4_3_Several days,PHQ4_4_N/A,PHQ4_4_Nearly every day,PHQ4_4_Not at all,PHQ4_4_Prefer not to say,PHQ4_4_Several days,d1_comorbidities_No,d1_comorbidities_Prefer_not_to_say,d1_comorbidities_Yes
0.05295216,0.013618312,0.012488294,0.013699963,0.0426245,0.014064483,0.021216039,0.0,0.022964694,0.028847428,0.014044769,0.018531967,0.017703984,0.022579273,0.037755195,0.043486685,0.010710022,0.024115628,0.025769023,0.012937413,0.012795302,0.012399848,0.013917373,0.013966483,0.016268224,0.014513255,0.02602554,0.045635886,0.012444958,0.011330719,0.012397071,0.014430968,0.014863792,0.013584482,0.011633437,0.011442025,0.010618461,0.014613313,0.01257738,0.013260817,0.01106728,0.012908896,0.012792492,0.0125659965,0.014916863,0.010660826,0.01325911,0.012312551,0.011857893,0.01617567,0.011378302,0.013526008,0.011650235,0.011830259,0.01453924,0.0113937715,0.011010766,0.015278482,0.01204618
0.05063735,0.013919662,0.012848563,0.014020242,0.041535635,0.013726807,0.023186944,0.0,0.0242224,0.029365199,0.014535497,0.018970957,0.018866846,0.022159522,0.03897728,0.043733723,0.011086649,0.024320036,0.022920135,0.013441998,0.012989727,0.012346191,0.014454106,0.013535723,0.016297838,0.014558522,0.023575867,0.04171916,0.012835653,0.011866161,0.012617273,0.01394059,0.014839256,0.01400106,0.011778563,0.012396759,0.011392681,0.014797733,0.013213144,0.01419229,0.011411602,0.012365351,0.012968488,0.011906234,0.0156188,0.010874779,0.013330613,0.012445397,0.011929915,0.014127399,0.011070721,0.013667497,0.011995573,0.011972199,0.016057616,0.011369935,0.01088125,0.014663247,0.011519493
0.052365687,0.014104171,0.012472876,0.013914699,0.039704975,0.014298367,0.023347424,0.0,0.02167282,0.03045283,0.017076641,0.01814673,0.017551411,0.024660552,0.038192797,0.03790963,0.01129802,0.023333054,0.025937404,0.013126547,0.01252699,0.012385787,0.01403089,0.014377921,0.015502168,0.014599132,0.026300458,0.042117063,0.012012809,0.0113268625,0.013135399,0.0150847025,0.015015203,0.013669918,0.011980525,0.012445236,0.010774921,0.014896297,0.012561969,0.0124054495,0.011093833,0.012129366,0.013241631,0.012569389,0.014365396,0.011304549,0.014426334,0.012861288,0.012205372,0.015919995,0.011860047,0.013959599,0.012377593,0.011619088,0.0147009855,0.011433558,0.01140826,0.013847255,0.011960174
0.05156301,0.013581022,0.012527738,0.013780965,0.041490946,0.014370705,0.023676034,0.0,0.021284757,0.029040447,0.015935328,0.01970467,0.017833399,0.0220864,0.039597064,0.042021427,0.011191162,0.025681311,0.022811614,0.012838986,0.012967573,0.012275318,0.01369212,0.013553243,0.015657458,0.015299207,0.025813993,0.042891845,0.012360997,0.011425364,0.012756849,0.015301428,0.01491495,0.014409872,0.011995763,0.012197794,0.011311089,0.014115473,0.012887385,0.013993116,0.011506287,0.01123069,0.013775074,0.012027756,0.01502391,0.011170105,0.013149843,0.012591728,0.011917844,0.014188313,0.011837146,0.012312991,0.011889554,0.01192213,0.016096443,0.01139151,0.010852779,0.014232808,0.012045186
0.059388723,0.013762203,0.012470593,0.013695893,0.04104411,0.013781894,0.02242578,0.0,0.023579033,0.02924774,0.016451336,0.020257266,0.018462237,0.023980265,0.03829332,0.03902287,0.010668262,0.027321609,0.022890655,0.013069968,0.012599147,0.0125430245,0.014412835,0.014034213,0.014459089,0.014643247,0.023786193,0.043458726,0.012324221,0.011040081,0.012265833,0.014138974,0.014828796,0.013506381,0.011807138,0.011660747,0.011059202,0.01479004,0.011810801,0.014298952,0.010980959,0.012007993,0.0131999375,0.0126734115,0.014389945,0.011113964,0.012557561,0.01204729,0.011537493,0.014138005,0.011052034,0.014724935,0.011865552,0.011622428,0.014784909,0.010800866,0.011030388,0.014215993,0.011974861
0.059684798,0.014268845,0.012922406,0.013602003,0.039996285,0.014693062,0.023103664,0.0,0.020125104,0.027071262,0.015787069,0.019862736,0.018017376,0.022556633,0.039800424,0.038690954,0.010969461,0.025346644,0.024098318,0.013031371,0.012391658,0.012139097,0.014178415,0.013539779,0.015837735,0.014999727,0.025787808,0.04239287,0.01286335,0.010864207,0.013428275,0.014956184,0.015631154,0.013738771,0.012457616,0.012110764,0.011028472,0.015379102,0.013161652,0.012497607,0.011434596,0.012293043,0.013489827,0.0121696945,0.01387382,0.010779484,0.0116442535,0.012132394,0.01238492,0.014576397,0.011466018,0.01262604,0.012159032,0.012282123,0.017138703,0.011252438,0.010969695,0.012633653,0.0116812615
0.05417367,0.014082052,0.012797509,0.013814652,0.043451257,0.014310158,0.023055444,0.0,0.023485733,0.030918704,0.014827158,0.017308356,0.01683621,0.0211226,0.040963218,0.036728885,0.011650446,0.024473416,0.025630554,0.012392367,0.012876945,0.012072927,0.014018944,0.014138032,0.014878407,0.014910916,0.024667948,0.041642852,0.012628848,0.011587599,0.012647953,0.015788196,0.0154375695,0.01390604,0.011610622,0.011997229,0.011731514,0.014812377,0.012600655,0.012905521,0.011232624,0.011842341,0.013315198,0.012541625,0.016795635,0.0112465415,0.0129685495,0.011450404,0.012415329,0.015857117,0.011784052,0.011414559,0.01237176,0.011690264,0.015963214,0.011147908,0.010852763,0.01389471,0.012331954
0.05436981,0.01369396,0.012499329,0.013288168,0.039816022,0.0135864485,0.021846369,0.0,0.022660531,0.028152304,0.016300254,0.02010683,0.019068228,0.024451666,0.040878,0.042381737,0.011442577,0.023757402,0.02480151,0.01296697,0.012880612,0.011998413,0.014414084,0.014174494,0.01553546,0.015004175,0.025990056,0.0427836,0.012035465,0.010840731,0.012767824,0.014410895,0.0146597,0.013962716,0.011823026,0.011692255,0.011538287,0.013942852,0.013165585,0.012963118,0.01095102,0.011642587,0.01305385,0.011987013,0.015049352,0.010926777,0.012325534,0.011938664,0.011877854,0.014632186,0.011303394,0.014428009,0.011882403,0.0114717325,0.01597432,0.010699316,0.010785864,0.014369109,0.012049458
0.05473959,0.014320804,0.012606306,0.013811914,0.040626053,0.014538043,0.023008637,0.0,0.022573227,0.027885348,0.016267058,0.019056479,0.019610032,0.023768783,0.04111157,0.038629293,0.010988373,0.024151346,0.023086067,0.012990809,0.0129035115,0.011620812,0.01382805,0.012577306,0.015566647,0.014701899,0.026083242,0.042247117,0.011894209,0.011202984,0.012639922,0.014100289,0.015720395,0.013709024,0.012229908,0.011838916,0.011560468,0.015134212,0.012588875,0.013672444,0.010781276,0.012137896,0.012634663,0.012575184,0.015101301,0.011120132,0.012378591,0.012128496,0.011508164,0.014916653,0.011383827,0.014443391,0.012165487,0.011785527,0.015951602,0.011514825,0.01104883,0.0150730135,0.0117612295
0.054503296,0.013594923,0.012346373,0.01354189,0.042065725,0.014384942,0.022904977,0.0,0.026934305,0.028323596,0.014378003,0.021203306,0.019749641,0.022338519,0.038488407,0.041765954,0.011241482,0.026474023,0.022187984,0.01353238,0.013076395,0.012034279,0.0140634645,0.013843376,0.014832958,0.015080921,0.024030266,0.037272263,0.01183556,0.011446421,0.013015355,0.014153039,0.015354895,0.013675776,0.012398913,0.012142851,0.01096423,0.014425017,0.013145258,0.012630178,0.011478366,0.014347696,0.013354143,0.011924176,0.014231951,0.011301187,0.012255759,0.012151309,0.011766173,0.014059192,0.01133579,0.012593406,0.011985641,0.012137508,0.017072365,0.01115316,0.0114729,0.014063029,0.011935146
0.051382646,0.013689071,0.0127138775,0.013451658,0.04360834,0.015400527,0.023349453,0.0,0.021232588,0.029142784,0.01597056,0.019509498,0.019305317,0.022063874,0.04121825,0.041038528,0.011094058,0.02393244,0.025392652,0.012890801,0.012664262,0.012031498,0.013730905,0.013820463,0.015837902,0.015377777,0.026043553,0.041998025,0.011922981,0.0110669425,0.012324613,0.014789115,0.015160141,0.013014958,0.011831505,0.012232714,0.01122698,0.014625603,0.012653518,0.012356032,0.011329895,0.012980157,0.012758928,0.011942094,0.013803504,0.011016269,0.01222743,0.012454023,0.012326836,0.015505432,0.011345468,0.0136690615,0.011994711,0.011900866,0.015178674,0.010818627,0.011083594,0.015182843,0.011385187
0.051599808,0.014068978,0.012452176,0.013892648,0.042779047,0.014201558,0.022588214,0.0,0.022010645,0.027905725,0.015481977,0.01903895,0.018949127,0.02222181,0.038934525,0.046137016,0.01148517,0.025459804,0.024528729,0.013148741,0.013068349,0.012409245,0.0142539665,0.012481294,0.015375544,0.014829884,0.026408177,0.04127991,0.012040017,0.011365311,0.01261109,0.01398608,0.015244648,0.013790175,0.011788968,0.012352652,0.011497446,0.015327416,0.012868097,0.012435148,0.011433843,0.011242141,0.013534004,0.012033162,0.015022151,0.01147243,0.013932366,0.012347701,0.011850574,0.012987825,0.011772037,0.012096983,0.01253554,0.011899728,0.015442132,0.010893951,0.010848294,0.014037193,0.012319914
0.055054348,0.013792068,0.01268778,0.0135606695,0.04050267,0.014527927,0.022086428,0.0,0.023419153,0.02866244,0.016683888,0.019035926,0.016613502,0.022542607,0.038356062,0.043691874,0.011320432,0.02832359,0.022297837,0.013173164,0.012746706,0.011796293,0.014054623,0.013812348,0.014350841,0.014771826,0.025189158,0.040030535,0.011995533,0.0112114465,0.012346413,0.014332204,0.015066283,0.014206701,0.011771895,0.012177025,0.010382353,0.015142195,0.012433711,0.013497939,0.010839365,0.012458564,0.012585251,0.012400716,0.014253159,0.010742209,0.013376191,0.011938859,0.01167917,0.016318357,0.011439268,0.015726028,0.011985987,0.011789766,0.0153705375,0.01076225,0.011144731,0.015841305,0.011699864
0.055432737,0.013714017,0.012010041,0.013598479,0.042257708,0.013576885,0.02171091,0.0,0.020962834,0.031443704,0.015853422,0.018443698,0.017314529,0.022106487,0.042154074,0.047549877,0.011368523,0.024599385,0.02481474,0.012904673,0.013086637,0.011458186,0.01409783,0.012671442,0.016519764,0.015387933,0.026256364,0.042937145,0.011797359,0.01101911,0.01266079,0.014397533,0.01456298,0.013452653,0.011103764,0.011926983,0.0108241085,0.015284472,0.01240922,0.012084828,0.011143144,0.0126236025,0.013037447,0.012433816,0.013605995,0.010547792,0.01240469,0.011545436,0.011979171,0.014379877,0.011051547,0.012995138,0.011901318,0.011263757,0.0148597965,0.010764344,0.010856984,0.015052984,0.011797358
0.05128763,0.013997003,0.0125615485,0.013916409,0.0438322,0.01461506,0.022256395,0.0,0.022627281,0.025896955,0.016700776,0.020033773,0.020006476,0.022627968,0.039167836,0.0408925,0.011625402,0.0266731,0.025960544,0.013078895,0.012560777,0.011861732,0.014175691,0.013747153,0.015674382,0.015282948,0.025474804,0.035788942,0.012262244,0.011315014,0.012874172,0.015199614,0.015951034,0.014577793,0.012709154,0.0120373,0.011010199,0.014274429,0.012757501,0.013291744,0.011278914,0.01204493,0.013500727,0.012528877,0.014959168,0.010840713,0.012560865,0.012546776,0.0121744415,0.013443381,0.011608518,0.01271089,0.012799512,0.012055375,0.016533803,0.011079369,0.011529029,0.01338353,0.011836845
0.060637485,0.013459189,0.01212732,0.013358697,0.047859754,0.013497337,0.02221849,0.0,0.020393237,0.027258122,0.017171327,0.018173141,0.017229557,0.022934925,0.042051762,0.038853616,0.011156333,0.025060048,0.022048587,0.012272322,0.01300027,0.012135798,0.013488272,0.013805387,0.015923113,0.014939361,0.023828946,0.040987596,0.012094084,0.01117129,0.012844652,0.014117105,0.015040451,0.013732495,0.011797571,0.011854481,0.011289035,0.01466934,0.012892278,0.012792331,0.01136605,0.01297445,0.013096599,0.012670744,0.015317305,0.011106954,0.012673073,0.012500612,0.012212539,0.013348255,0.010815552,0.013856947,0.012143813,0.011775081,0.016131407,0.010799843,0.0113393795,0.01453052,0.011175699
0.05415672,0.013903876,0.012759849,0.014216919,0.042595014,0.01504612,0.02289687,0.0,0.022099359,0.026741074,0.015833048,0.018577922,0.018123152,0.02350965,0.041591734,0.037413258,0.010942741,0.024782725,0.023630783,0.013324945,0.013091727,0.011834369,0.01407671,0.013452176,0.014738396,0.015410307,0.025521755,0.04107583,0.012667066,0.011352007,0.012621704,0.015124581,0.014278764,0.01464085,0.0120054735,0.011832705,0.01039743,0.0151099,0.012114336,0.0125726685,0.011342749,0.0119332615,0.013250263,0.012672012,0.014558725,0.011079464,0.01502394,0.012135483,0.0119395275,0.015099818,0.01142003,0.015217372,0.012217138,0.012174863,0.015178675,0.011043397,0.011216215,0.014477028,0.011955521
0.05258971,0.013615981,0.01232715,0.0134333875,0.048529573,0.013617554,0.022127114,0.0,0.023753826,0.03205184,0.016379412,0.01637429,0.017538508,0.019972568,0.03978455,0.037699725,0.0113388365,0.022046177,0.025525717,0.0128261475,0.012410883,0.011758593,0.014347656,0.013352633,0.015666451,0.016607588,0.023807475,0.04994632,0.012325832,0.01137698,0.012479319,0.014443827,0.014382909,0.013180054,0.012633655,0.0120562,0.01129298,0.014852184,0.012599384,0.012052074,0.010967694,0.01242209,0.013169348,0.012452016,0.014278237,0.010735502,0.012130658,0.012247586,0.011670737,0.013989478,0.011348546,0.015234753,0.01183293,0.011752186,0.013950869,0.011128703,0.01098119,0.014698701,0.011903763
0.053070113,0.014105713,0.012624888,0.013761498,0.03949223,0.014490087,0.023180775,0.0,0.02401062,0.025407402,0.016896494,0.019128097,0.019546283,0.02474618,0.036116064,0.042732242,0.011036152,0.023504065,0.025829898,0.012912973,0.012822434,0.011494154,0.013660407,0.01328527,0.015169113,0.0145779345,0.026193433,0.040092103,0.012306249,0.011471985,0.012652982,0.014466895,0.015028596,0.014365729,0.011767329,0.012248033,0.01142127,0.014983812,0.01328639,0.013326152,0.01086956,0.012259104,0.013448107,0.012707397,0.014553538,0.011220943,0.012897546,0.012079172,0.012267173,0.016803965,0.011138507,0.015176325,0.011823695,0.011344941,0.015417585,0.011313946,0.0111004915,0.014435806,0.011930089
0.056992043,0.013594651,0.012710192,0.013183444,0.037401326,0.013386287,0.02307039,0.0,0.023225754,0.029320499,0.01488643,0.018919103,0.018352902,0.022725748,0.04070651,0.039732303,0.011285291,0.025113117,0.025376229,0.012891299,0.012510791,0.011819803,0.014400955,0.01359393,0.015638394,0.015765082,0.026423462,0.040059805,0.012421451,0.010880448,0.012577109,0.014175128,0.014394514,0.013961508,0.011891998,0.011937261,0.010966356,0.015188912,0.013151014,0.012344151,0.011113609,0.013276819,0.013007005,0.012300601,0.014394804,0.010938554,0.014191835,0.01169101,0.012153788,0.014694861,0.011156819,0.01542033,0.012381899,0.011698474,0.01659503,0.011372,0.010580087,0.01391456,0.012142255
0.052008003,0.01397119,0.012500778,0.0132905,0.045031592,0.013873731,0.02224023,0.0,0.02728298,0.026878525,0.016596794,0.02175676,0.018109897,0.02177471,0.039643455,0.040578976,0.010901406,0.022041883,0.022602372,0.013274239,0.012445109,0.011848371,0.013234942,0.013361848,0.016205912,0.0144109605,0.023847548,0.050979197,0.011825382,0.011322306,0.012534049,0.014421371,0.01463867,0.013358598,0.011760666,0.012327829,0.010919476,0.014494918,0.012000587,0.013749912,0.011695889,0.01141613,0.0123111205,0.012626812,0.013349686,0.010921032,0.012955225,0.011832843,0.012072719,0.015520633,0.01113302,0.01241837,0.012530233,0.011506871,0.015568935,0.011293637,0.0109371375,0.013728236,0.012135836
0.05507744,0.013915411,0.012797425,0.013619473,0.039045166,0.014411768,0.022879925,0.0,0.023604745,0.030219039,0.015744256,0.01913157,0.017908657,0.023290679,0.03982995,0.041174248,0.011266072,0.025138153,0.02351474,0.0127377855,0.012453743,0.012008016,0.014107806,0.0138254035,0.01508402,0.014363724,0.02405965,0.04392086,0.011891435,0.011350243,0.0129146455,0.015232313,0.015271963,0.013800491,0.011394581,0.011907551,0.011763781,0.0145219695,0.013399243,0.013864446,0.010793569,0.011758008,0.013096699,0.012105938,0.01332912,0.010752281,0.012945938,0.012552446,0.011444254,0.014198418,0.011677516,0.015512686,0.011486614,0.01135011,0.015768787,0.011312916,0.010781738,0.014571347,0.012119293
0.055580467,0.013514109,0.01210026,0.014045545,0.03980906,0.013864117,0.022738937,0.0,0.02194846,0.028053932,0.018113555,0.01919508,0.018333914,0.021680724,0.041576754,0.04503606,0.011189405,0.027876714,0.022152537,0.012501434,0.013022495,0.011601151,0.013569088,0.013963274,0.017071644,0.0155444,0.026971087,0.037463646,0.012072911,0.010905772,0.012785501,0.014078129,0.014628199,0.013622652,0.011749266,0.011955759,0.011336545,0.015358871,0.012162147,0.013680214,0.01115972,0.012172593,0.013270073,0.011832643,0.013652492,0.010448658,0.012614369,0.012183684,0.01199466,0.0160003,0.011105658,0.014289336,0.011750434,0.011374137,0.014298932,0.010989722,0.011289344,0.01451428,0.01220517
0.054922447,0.013716728,0.012498665,0.013378031,0.04328045,0.01373703,0.022179546,0.0,0.021658344,0.03048861,0.015195562,0.019408273,0.018126007,0.022438314,0.041385412,0.042020705,0.0112942355,0.024863781,0.024206752,0.012859995,0.012782772,0.012033514,0.013676469,0.0132654905,0.014505926,0.014446987,0.02448817,0.041406933,0.012189142,0.010643346,0.013114765,0.013285558,0.015129916,0.014154345,0.012007909,0.0120974,0.011118896,0.015042701,0.012133811,0.014222132,0.011240859,0.014321241,0.012633085,0.01264233,0.014528147,0.011011962,0.013441117,0.012136224,0.011851674,0.013097645,0.011493409,0.014359869,0.012073209,0.011670391,0.016489508,0.011009871,0.010980881,0.013802596,0.011810835
0.05707905,0.013774242,0.012239011,0.013184166,0.038521063,0.013679838,0.022922043,0.0,0.026356123,0.029367197,0.01641701,0.020100325,0.01856882,0.022425806,0.034265585,0.04121059,0.011340913,0.02530207,0.022191994,0.012802225,0.012371071,0.011587239,0.013765354,0.012598775,0.014199533,0.01413705,0.027064793,0.04615844,0.011743793,0.011321233,0.01190399,0.013962473,0.015379235,0.013294291,0.011732724,0.012101022,0.010563563,0.015765999,0.012422211,0.01290851,0.011008743,0.012857554,0.013664932,0.013184449,0.014902041,0.010827548,0.015028728,0.0122543955,0.01171854,0.013677353,0.011367583,0.013820888,0.01217776,0.011518261,0.016862167,0.011074953,0.011533414,0.014249824,0.0115414215
0.05332871,0.014045664,0.01234256,0.013511376,0.04285183,0.013836816,0.022153703,0.0,0.021833677,0.03191124,0.014590649,0.018878972,0.017876787,0.02117507,0.042089928,0.050037064,0.01077364,0.025646972,0.023772927,0.013104481,0.012261948,0.011904778,0.014415314,0.013286692,0.014930334,0.015659748,0.02374215,0.04571967,0.012255505,0.010776041,0.012181211,0.014233008,0.014370398,0.013944312,0.0114902435,0.011835217,0.010997951,0.0146246115,0.011907804,0.013302138,0.011090227,0.012068671,0.0122349905,0.012491501,0.013451862,0.010848152,0.013090228,0.011815407,0.011381917,0.013845544,0.011170632,0.013308241,0.011541644,0.011462363,0.015324415,0.010859493,0.010662144,0.013773086,0.01197826
0.054548375,0.01406668,0.012371172,0.01388847,0.039283168,0.013927176,0.023428885,0.0,0.020549113,0.025412679,0.015551032,0.018822987,0.018785423,0.022814365,0.04737044,0.050256256,0.011217678,0.02750878,0.02140967,0.013281487,0.012820256,0.011772034,0.014053915,0.012542011,0.016017219,0.014729527,0.027630232,0.038735654,0.01212297,0.011345479,0.012660747,0.014635959,0.014762833,0.013580799,0.011582799,0.011771665,0.011557004,0.015329398,0.012212075,0.011838129,0.01108693,0.011243783,0.013468676,0.01248144,0.014015082,0.010964392,0.012807228,0.011620747,0.01174807,0.014383576,0.010995743,0.013366378,0.012135428,0.011424508,0.0146207325,0.010833611,0.011181417,0.014176511,0.011251204
0.055169757,0.013493322,0.0123645635,0.013670133,0.039327733,0.013956099,0.022837697,0.0,0.021878703,0.027554575,0.016877513,0.020694928,0.018935574,0.025805004,0.040707707,0.034821887,0.011271806,0.026459841,0.023795255,0.013039394,0.0128069725,0.012430492,0.0144542735,0.013401981,0.017379656,0.015418476,0.027792783,0.040325012,0.012132389,0.010904993,0.012308177,0.015119787,0.014882495,0.014255402,0.011794501,0.011654971,0.0107021,0.0146462545,0.012527957,0.012210017,0.010650377,0.011984131,0.013809769,0.0124277985,0.015705055,0.011317698,0.014017846,0.011329495,0.011725106,0.013806569,0.011299535,0.015055722,0.011591036,0.011548155,0.015542503,0.011293799,0.011004525,0.014455601,0.011625121
0.060326226,0.013667713,0.012347931,0.0134254955,0.046177205,0.014254748,0.021914005,0.0,0.021514881,0.026249753,0.013979507,0.018789696,0.018406797,0.022354905,0.038350277,0.03721125,0.0113400435,0.023504002,0.02404836,0.012983769,0.012827036,0.01167714,0.0139808925,0.01320464,0.014836298,0.015816486,0.025746979,0.039539233,0.012290489,0.011409228,0.012795417,0.014644331,0.015473982,0.014692165,0.012253953,0.012433582,0.011183551,0.014661113,0.012811006,0.0141905965,0.011497665,0.011372611,0.013448263,0.012541499,0.015029454,0.01101472,0.0135825835,0.011963019,0.011866501,0.016035918,0.011305324,0.013112941,0.01266029,0.012036566,0.01610734,0.011134806,0.010742306,0.015648669,0.011584822
0.05305973,0.013896658,0.012199877,0.013366556,0.03893312,0.013755757,0.02289819,0.0,0.022672923,0.027993372,0.016040232,0.018371614,0.017673079,0.024399979,0.042963956,0.036755346,0.0110785775,0.024924763,0.028296161,0.012931222,0.01274962,0.011527713,0.013990748,0.014247558,0.017120602,0.014658649,0.023068478,0.044256758,0.012008106,0.011488262,0.01257511,0.014329707,0.014475694,0.013966944,0.011866708,0.012174199,0.010948386,0.014303488,0.012989689,0.013093524,0.010951612,0.013021797,0.013506725,0.012575695,0.015216065,0.011118288,0.013306066,0.012015419,0.011719784,0.01495645,0.0120185,0.013373803,0.011730977,0.0117559275,0.016521206,0.011006195,0.011085323,0.014354437,0.011714597
0.055360444,0.01393113,0.013040807,0.013521367,0.04173493,0.014177023,0.022165148,0.0,0.023519397,0.030913027,0.0151627,0.018419866,0.017792027,0.021780193,0.040989704,0.03883945,0.011077576,0.02597518,0.023507442,0.012854353,0.013111416,0.0120066805,0.014589252,0.01377318,0.015941195,0.013674171,0.027061881,0.043413814,0.011842424,0.01112096,0.012310369,0.014468014,0.01441572,0.0137219215,0.011813601,0.0119588375,0.010969266,0.014527728,0.012767118,0.012392021,0.011165446,0.012875849,0.0129317315,0.012709718,0.013950852,0.01082572,0.014052904,0.012484355,0.011739169,0.01519031,0.011187559,0.0133475,0.012109119,0.011537004,0.014681267,0.010885903,0.011103903,0.014792621,0.0117877545
0.062082775,0.013851323,0.012447078,0.013604465,0.04060893,0.013654742,0.022638306,0.0,0.024989117,0.030117124,0.01515457,0.01919136,0.018435135,0.02276369,0.0403805,0.039928682,0.011228921,0.024558948,0.023346623,0.013398225,0.01325846,0.012229684,0.014569442,0.012826215,0.016102707,0.014111259,0.02143675,0.03955189,0.012011325,0.011283817,0.012167649,0.014530146,0.014647202,0.013691845,0.011382112,0.012397618,0.010803066,0.014957863,0.012689022,0.01286493,0.011069873,0.011895602,0.01337426,0.012713804,0.013846606,0.011214361,0.013944913,0.011778703,0.011715673,0.015087662,0.011215174,0.014601225,0.011915415,0.011701964,0.014980138,0.011339523,0.011158999,0.015062851,0.011489729
0.057671305,0.013518673,0.012218898,0.013351187,0.04172763,0.0143637275,0.02235674,0.0,0.024330696,0.026233286,0.014777798,0.020045105,0.01983717,0.02630016,0.03721902,0.043851513,0.010984134,0.023649896,0.023821322,0.013223752,0.0126933595,0.011257108,0.013949017,0.013308462,0.015166144,0.014892007,0.02806482,0.039949197,0.012003352,0.011151843,0.0119509,0.015070601,0.015158102,0.012988359,0.011492094,0.012007327,0.011015388,0.0141394045,0.012671722,0.012732874,0.0111927595,0.014040151,0.014095082,0.012703302,0.013366508,0.01099012,0.012355442,0.012019485,0.01149108,0.014082455,0.011485871,0.012538184,0.011654412,0.011408151,0.017182013,0.010990478,0.010668625,0.014822271,0.011769586
0.049999986,0.014068317,0.012636771,0.013593341,0.043353274,0.014540492,0.022405613,0.0,0.021913249,0.029403359,0.015782861,0.019605529,0.018146137,0.021871647,0.03696045,0.04333074,0.010716698,0.026488366,0.023562234,0.013304304,0.01237727,0.011694281,0.013626659,0.013924401,0.016847659,0.015304501,0.026249722,0.042448275,0.011856548,0.011665415,0.01312446,0.015049683,0.014926412,0.014044893,0.011974955,0.012142923,0.011795222,0.015221008,0.011999322,0.0138045885,0.010974682,0.0113872,0.013087841,0.01207622,0.014939011,0.01091381,0.013258209,0.012086773,0.012266477,0.0138026895,0.01124461,0.015296601,0.011991431,0.011062407,0.016014893,0.011017236,0.010975067,0.014322214,0.011521003
0.050792854,0.0136706885,0.012340138,0.01323379,0.040104143,0.014130569,0.022375688,0.0,0.024020912,0.028738266,0.016034994,0.020956848,0.019567158,0.024392301,0.041324586,0.0398655,0.011280125,0.02617119,0.02349711,0.013011354,0.012645437,0.012143664,0.013792382,0.013509988,0.016163621,0.014616782,0.026358513,0.03728064,0.011977268,0.011476824,0.012586494,0.014108677,0.014886457,0.014135386,0.011962222,0.01200494,0.010979653,0.013899896,0.012182418,0.012675764,0.011349049,0.013074168,0.013962392,0.012688915,0.014738599,0.010500047,0.014172638,0.012348934,0.011773006,0.016107606,0.011293994,0.01588568,0.011965932,0.011578919,0.015394048,0.011103688,0.010668867,0.015206326,0.01129192
0.053450476,0.013698478,0.012685843,0.01390208,0.042151317,0.013285111,0.022309005,0.0,0.024305366,0.02591077,0.017422598,0.022031931,0.020855132,0.023688145,0.039811697,0.04154765,0.011200868,0.026919851,0.02201668,0.013180916,0.012649153,0.011546203,0.0136630135,0.013489065,0.015065535,0.015740398,0.024772843,0.042384617,0.011965168,0.011392477,0.012614736,0.015164582,0.014720355,0.013520981,0.012078349,0.011808382,0.011285443,0.01404031,0.012527165,0.012148914,0.010924771,0.011627227,0.012925923,0.012679908,0.014642938,0.0109209465,0.013224225,0.012444041,0.011754281,0.01443166,0.011348534,0.013274005,0.012159975,0.011392233,0.015355546,0.011098799,0.01084565,0.014653561,0.011344232
0.0498514,0.013920915,0.012708449,0.013551694,0.047299948,0.014111825,0.022923635,0.0,0.025689315,0.027571138,0.014522034,0.021401942,0.019689973,0.021879787,0.036949415,0.04414491,0.011323631,0.024588566,0.023178149,0.012920856,0.012808474,0.012270653,0.013771572,0.013158708,0.015522978,0.01538939,0.02504192,0.03648735,0.01260666,0.011585537,0.012027855,0.014218172,0.014886698,0.0144149605,0.011875804,0.012536077,0.010993871,0.014759991,0.012643016,0.0145415785,0.01145401,0.012927204,0.012853791,0.0119199725,0.013143039,0.01132942,0.01243756,0.0126744285,0.011952864,0.015824769,0.011512252,0.013667461,0.012202674,0.012103442,0.015238138,0.011308304,0.010838383,0.014540263,0.012303251
0.0503055,0.013730893,0.012450987,0.013052657,0.04239014,0.013848352,0.02253748,0.0,0.023911526,0.027208703,0.018347595,0.019827407,0.018915156,0.02242453,0.041638095,0.03675025,0.011079013,0.026590295,0.02191232,0.012848564,0.012933065,0.011829721,0.013891613,0.0126939835,0.015417123,0.015140394,0.025679572,0.043498687,0.012212497,0.010870282,0.013180076,0.014871145,0.014320134,0.014283255,0.011653629,0.011960888,0.011131396,0.014966878,0.012520975,0.012551351,0.011584588,0.011756041,0.013255655,0.013450937,0.013896751,0.0107841445,0.014011377,0.011905234,0.011642858,0.01405227,0.011103655,0.017221473,0.012150821,0.011865842,0.017274866,0.011534229,0.010530389,0.015042486,0.011560311
0.052895844,0.0136828665,0.012238016,0.013538105,0.041284725,0.013505718,0.022219721,0.0,0.021148726,0.027329605,0.018170148,0.01923321,0.018792527,0.024812197,0.039159685,0.042811386,0.010845801,0.02537216,0.023803398,0.0129555855,0.013032253,0.012101079,0.014507608,0.013649943,0.016839137,0.015506411,0.025478011,0.03949983,0.012161095,0.011105221,0.012412825,0.014018054,0.015104922,0.013810884,0.011950383,0.012265749,0.011306931,0.014411667,0.013545394,0.014135072,0.011767822,0.012005196,0.012851463,0.012681838,0.014811998,0.011248813,0.014817732,0.011847205,0.011840497,0.012631305,0.011439597,0.0129969055,0.012419557,0.011657725,0.016074728,0.011438302,0.01082136,0.014358197,0.011647879
0.05748866,0.0144211445,0.011994292,0.013494323,0.03914146,0.014517388,0.022586934,0.0,0.025342638,0.03126939,0.015858987,0.018171957,0.01773744,0.020230165,0.04174139,0.038023517,0.011456719,0.025281101,0.023566987,0.012833963,0.012714513,0.011875948,0.014098708,0.012661079,0.016051091,0.015454203,0.025454577,0.03897624,0.012674354,0.011306727,0.012798175,0.0150884865,0.015364433,0.013928709,0.012369203,0.011980761,0.011506166,0.015156558,0.012499445,0.013855004,0.0105808275,0.011576502,0.012976722,0.01287295,0.013874327,0.011408115,0.01295076,0.0118019255,0.0119298985,0.014804426,0.011617505,0.014234786,0.012747078,0.011346258,0.015536622,0.0112893805,0.011102861,0.014568947,0.011807337
0.053540807,0.013831368,0.01302278,0.013466617,0.0410404,0.014792805,0.023108631,0.0,0.025839832,0.028000886,0.01563291,0.019940343,0.01895044,0.021308271,0.034726646,0.041714408,0.011261135,0.026510611,0.022569295,0.013522729,0.012921802,0.011971116,0.014170051,0.013665331,0.015509003,0.0153836515,0.025512107,0.04187059,0.012550986,0.01079017,0.012728306,0.014149202,0.015206904,0.013696073,0.012857809,0.01197156,0.011639708,0.014902544,0.012725952,0.013614862,0.011011852,0.012851289,0.013375039,0.013458221,0.013970737,0.01082411,0.01353834,0.012500138,0.0119620785,0.014194561,0.0112012755,0.013021831,0.011696835,0.011710717,0.015590884,0.011331502,0.011141561,0.013829868,0.012170462
0.0512997,0.014059501,0.012676334,0.013625187,0.040066864,0.014487768,0.02220036,0.0,0.02335076,0.027107254,0.016976945,0.020419471,0.019470425,0.023499727,0.039313324,0.040020846,0.010990854,0.02353985,0.026603667,0.013157284,0.0126642715,0.012174654,0.014027423,0.012717516,0.0149430595,0.014962365,0.024639422,0.0467342,0.012025264,0.011588651,0.0130554885,0.015340394,0.015108399,0.0135857975,0.011942332,0.012163999,0.011326987,0.014383334,0.012863301,0.014562829,0.011372831,0.012433109,0.012996092,0.012495745,0.013239512,0.010769441,0.012748795,0.0117499875,0.011694466,0.014320004,0.011148841,0.013080344,0.012152863,0.01183077,0.016359733,0.011142189,0.010819748,0.014044931,0.011924813
0.05270282,0.013980762,0.012346288,0.0139913745,0.043869246,0.014222563,0.023056213,0.0,0.022162924,0.030141702,0.016890131,0.018519484,0.017155522,0.02253455,0.04053717,0.038590547,0.011169729,0.023884375,0.023648594,0.013105977,0.012321715,0.011535613,0.013699466,0.013482473,0.015415033,0.015239739,0.023719082,0.04616069,0.012440141,0.0112587,0.012262314,0.014234961,0.014842154,0.013871212,0.012164036,0.011941749,0.011585591,0.014518845,0.012516236,0.014402258,0.011298426,0.011452987,0.013855847,0.01267815,0.014780647,0.011128398,0.014809298,0.012028042,0.012107311,0.015327533,0.011039614,0.012332311,0.012277219,0.011866875,0.015010142,0.011260834,0.010963292,0.014028422,0.011632511
0.051550526,0.014003757,0.01242715,0.014287585,0.036935337,0.0145542715,0.023148969,0.0,0.021952573,0.030846894,0.016983835,0.020809514,0.01892552,0.023647558,0.03912661,0.038059045,0.01109375,0.025192806,0.024512945,0.013527765,0.013419829,0.011802112,0.014150315,0.014074723,0.0150322905,0.015924878,0.026982708,0.042680286,0.012397136,0.011287655,0.01328478,0.014784625,0.0147204865,0.013492688,0.012192877,0.012343943,0.011476628,0.01438053,0.0127349375,0.012521527,0.011545759,0.012044652,0.014093593,0.012719331,0.0143205365,0.010946512,0.014053407,0.01183968,0.011570748,0.014051235,0.011304051,0.012122718,0.011971531,0.012213154,0.0149173755,0.0113408165,0.011550152,0.014510429,0.011612969
0.05622906,0.013953899,0.012212092,0.013681848,0.036488254,0.014601032,0.023492469,0.0,0.023157172,0.028579626,0.015186375,0.02059861,0.018268686,0.024201611,0.041029096,0.038960017,0.011160089,0.025284737,0.023676949,0.013311902,0.012190383,0.011647689,0.014560486,0.012807333,0.014867702,0.014719706,0.026229471,0.043251563,0.012588418,0.010918562,0.012497238,0.014636084,0.014667733,0.014056305,0.011577139,0.012380995,0.011662852,0.015048918,0.013352986,0.013256198,0.010977797,0.0131491395,0.013499047,0.012301122,0.014654296,0.011098787,0.014521374,0.011889097,0.012120749,0.013725368,0.011163014,0.012892051,0.011790867,0.011938361,0.01575598,0.010861976,0.010939956,0.013886044,0.011843766
0.05581341,0.013768376,0.012525617,0.01365846,0.04237859,0.014327995,0.022544447,0.0,0.023655714,0.033442684,0.01568956,0.019577421,0.01830674,0.020713285,0.038642276,0.036848173,0.010838174,0.023127208,0.025394293,0.012857026,0.012621365,0.011900689,0.014210447,0.013683608,0.0155753875,0.015622354,0.025906766,0.04159066,0.012279829,0.011091398,0.013177772,0.014066651,0.0149604585,0.013270413,0.0114840185,0.011848162,0.011264266,0.014079884,0.012747975,0.0140189575,0.011289235,0.013207287,0.013362984,0.012124433,0.014918854,0.010872815,0.014315137,0.011685543,0.011880574,0.013737628,0.011360739,0.015011259,0.011952419,0.011680199,0.01585904,0.010946849,0.010716436,0.01405266,0.011515312
0.05337925,0.014225002,0.012448611,0.013295731,0.0437418,0.013870902,0.022874989,0.0,0.022848744,0.02841425,0.016311547,0.019206403,0.020153876,0.022695858,0.04096369,0.03987582,0.010884,0.02372116,0.023315243,0.013546443,0.012877555,0.011550806,0.014128803,0.013611642,0.015046958,0.015435377,0.022264011,0.043017175,0.012666012,0.011199403,0.01337873,0.014765074,0.014424562,0.013786318,0.011983529,0.012044246,0.011356042,0.015072968,0.012783063,0.014643087,0.011459176,0.012134619,0.013145367,0.012089312,0.013730961,0.010959143,0.012818427,0.012192638,0.011844645,0.014052946,0.011580419,0.013663263,0.012214771,0.011815741,0.01594503,0.011495281,0.010836273,0.014284626,0.011928592
0.050503556,0.014033977,0.01257352,0.013508246,0.04387995,0.013843141,0.022114608,0.0,0.023475116,0.030894564,0.014451329,0.01860161,0.01700764,0.021157159,0.041646477,0.039052892,0.011320533,0.024373692,0.023860874,0.012825612,0.012723533,0.01203429,0.013686063,0.01404308,0.015205169,0.01506853,0.026720706,0.044071376,0.012475105,0.011152649,0.012707189,0.014213037,0.015144876,0.0142215565,0.011844133,0.011983774,0.011972254,0.014756562,0.0126569,0.013391701,0.011085879,0.012142512,0.013049233,0.011856759,0.0154170105,0.01100058,0.012516045,0.0120666055,0.011772777,0.016667679,0.011441926,0.013183391,0.012162466,0.01173481,0.015585654,0.011187675,0.011153102,0.014945235,0.011833704
0.056084137,0.013868194,0.012524478,0.013141531,0.043348055,0.01406947,0.022141498,0.0,0.021025134,0.028102454,0.0152921,0.020469595,0.020389793,0.02454425,0.036023926,0.050836608,0.010568223,0.025718225,0.022653382,0.012924396,0.012563498,0.011608572,0.013114024,0.012853475,0.01585859,0.014588885,0.023959432,0.039002035,0.012516527,0.011278991,0.012455006,0.013808692,0.014432244,0.014623917,0.012481936,0.012353278,0.011321918,0.015587036,0.012525563,0.013281399,0.010858864,0.011676498,0.013193769,0.012327696,0.013709973,0.010806973,0.014087633,0.011894266,0.011881821,0.014412981,0.011109425,0.012781815,0.0113048665,0.011974842,0.017081844,0.010918015,0.011149162,0.013391949,0.011497116
0.054129846,0.014008133,0.012387048,0.013666759,0.04082909,0.013760741,0.02268694,0.0,0.021273734,0.03160184,0.01545678,0.018342711,0.01700862,0.022275716,0.041649166,0.044071123,0.011173518,0.025430234,0.023743035,0.012596089,0.012518308,0.0115252,0.013894608,0.013342935,0.015300483,0.01502954,0.025237264,0.042140625,0.012192146,0.011360412,0.012799792,0.0141813755,0.014753946,0.014591948,0.011826954,0.012153239,0.011835884,0.015054089,0.013138898,0.014029,0.011219897,0.013482023,0.0128045,0.012681456,0.014627935,0.010856359,0.012461314,0.01180456,0.011895815,0.015280074,0.011359365,0.01208004,0.01177647,0.0117519675,0.014160886,0.011473467,0.011085266,0.01456725,0.011633612
0.057190258,0.01387424,0.012417385,0.013804229,0.038075805,0.013321917,0.022708444,0.0,0.02431364,0.027373247,0.015753318,0.018943558,0.019183192,0.023438806,0.037061103,0.047829397,0.011294663,0.024609596,0.022426106,0.0132550355,0.012139395,0.011658035,0.0138211055,0.012906204,0.015258534,0.015351202,0.027270464,0.046099722,0.01229357,0.010994882,0.012059008,0.014343849,0.014202295,0.013924797,0.0113085145,0.012211981,0.010964432,0.014090352,0.012754833,0.013385276,0.01097271,0.012994528,0.013874342,0.013010649,0.0126096085,0.010849619,0.014108581,0.01170775,0.011039121,0.015567366,0.011213007,0.014715266,0.011523079,0.011290913,0.014383047,0.0107915895,0.010851262,0.01309065,0.011494468
0.053912383,0.014138651,0.012450393,0.013618794,0.04161661,0.014409955,0.023280766,0.0,0.020190137,0.028226674,0.016041419,0.018285505,0.01807401,0.023844918,0.04628761,0.03867941,0.011291922,0.022771891,0.024729047,0.013258462,0.01292416,0.012672324,0.0144579755,0.013414802,0.015663816,0.014983468,0.024710242,0.043805838,0.012621443,0.010973764,0.013183426,0.014847759,0.015022096,0.014042541,0.011777122,0.0118663525,0.011526062,0.014726841,0.012979465,0.014184406,0.01128863,0.011322517,0.013034888,0.013040312,0.0141729005,0.011178508,0.012674756,0.011893607,0.011860031,0.012488332,0.011339133,0.01127559,0.011664795,0.012857174,0.015846377,0.011351983,0.011175638,0.0140486425,0.011993697
0.05891655,0.013685338,0.0121799195,0.013548473,0.04048483,0.013527188,0.022169368,0.0,0.024121186,0.02897033,0.014617986,0.020490682,0.01844878,0.0224545,0.03438098,0.04018351,0.0110775465,0.025338562,0.0222845,0.013019279,0.012601635,0.011524813,0.014027747,0.012759066,0.014559159,0.015172801,0.026039217,0.048879668,0.012463262,0.011433048,0.01257472,0.014345203,0.0148168355,0.013808716,0.011413205,0.01224716,0.0112822205,0.014167527,0.013093385,0.013618866,0.011360985,0.0130247995,0.012788604,0.012608192,0.014063681,0.010649556,0.012680012,0.012377976,0.011725416,0.014490314,0.01118313,0.013264507,0.012500925,0.011649021,0.015822364,0.010782285,0.011142935,0.014962378,0.012195222
0.056130838,0.014164031,0.012466994,0.013809176,0.04568174,0.01440947,0.022226587,0.0,0.021987474,0.026155885,0.016724603,0.018127322,0.018740317,0.023605287,0.041820806,0.03882126,0.011471031,0.026076669,0.023951843,0.012937138,0.012342342,0.011675826,0.014153984,0.013008913,0.015919784,0.015623239,0.023409365,0.037574027,0.012090898,0.011492017,0.012630437,0.014647194,0.015288061,0.013812581,0.011750434,0.012632919,0.012166361,0.014864607,0.012272645,0.014805207,0.011599335,0.01154746,0.013374871,0.012287892,0.015016216,0.011230566,0.011901023,0.011809594,0.012273875,0.014772677,0.011067226,0.013371228,0.012365002,0.012233254,0.015310144,0.011084421,0.010923049,0.01432157,0.012041199
0.04695729,0.013761897,0.012466689,0.013578335,0.04604289,0.014473226,0.021775683,0.0,0.022784702,0.030702792,0.015321615,0.01807934,0.017153576,0.021480782,0.040474728,0.038928542,0.011288027,0.025712734,0.02224311,0.013665963,0.01254595,0.012661098,0.014008573,0.012704488,0.015431072,0.015750948,0.025899535,0.044515766,0.012257248,0.01145836,0.012804074,0.014625899,0.014337761,0.013326271,0.011841772,0.012191935,0.012717463,0.014558088,0.01317148,0.014172993,0.011607307,0.012098848,0.012861925,0.011900701,0.014030206,0.011134512,0.013478177,0.012316362,0.012123016,0.014399804,0.0115563385,0.015734855,0.012340894,0.011726143,0.016252466,0.011389984,0.011066629,0.01392903,0.01218023
0.053171337,0.013895197,0.012149149,0.013358391,0.036768686,0.014011342,0.022793863,0.0,0.023476167,0.028360173,0.015773853,0.02010373,0.018257191,0.020753348,0.036275297,0.046472903,0.010990824,0.024688523,0.026678612,0.012899855,0.012706866,0.012116926,0.013935884,0.012380043,0.015866237,0.015316127,0.028884107,0.045250867,0.012210457,0.011100745,0.0128694475,0.01379607,0.015342694,0.013535875,0.011584744,0.012192405,0.011213864,0.014848467,0.012727478,0.013242732,0.011387558,0.01220682,0.013076358,0.012293024,0.013438496,0.010756386,0.014057756,0.011953706,0.011474032,0.014714023,0.01171521,0.013857445,0.011597735,0.011704147,0.016091714,0.0111202635,0.010647647,0.014051262,0.011855971
0.05763703,0.013914688,0.012228796,0.013669132,0.03598947,0.014418314,0.023293525,0.0,0.020660745,0.030900823,0.015650062,0.019157749,0.016597,0.021915426,0.046143334,0.04234017,0.011303185,0.023386328,0.022167524,0.013245693,0.013063746,0.011750682,0.014258383,0.013399427,0.017020566,0.014984992,0.026865887,0.039306484,0.012477794,0.011206098,0.0124841565,0.014479072,0.014848893,0.013303965,0.011933986,0.011835444,0.01073621,0.014590335,0.012651924,0.012282698,0.011068171,0.013205928,0.012720369,0.012894145,0.015793832,0.010705015,0.013394733,0.0118835885,0.012206362,0.014364027,0.011199803,0.014290247,0.012407236,0.011647639,0.016202815,0.010885109,0.011117152,0.014290787,0.011623268
0.05374858,0.0136675825,0.012211291,0.013325228,0.042609915,0.014542026,0.0221899,0.0,0.023721425,0.034171168,0.016606506,0.019830275,0.019358942,0.019991871,0.03795213,0.040525846,0.010891461,0.025092002,0.02322202,0.0130515555,0.012017275,0.011938773,0.013955488,0.01296511,0.016392535,0.0144639155,0.026104175,0.04581177,0.012050263,0.011080463,0.012468398,0.014206049,0.01486829,0.0137196705,0.010874781,0.01150256,0.010890913,0.014277576,0.012773885,0.013137749,0.0114204725,0.011676966,0.013109786,0.0127275605,0.015413162,0.0109697245,0.012430034,0.012080409,0.011488853,0.015731128,0.011371914,0.014694201,0.011693758,0.011676898,0.014520339,0.010597339,0.010243456,0.013904489,0.012040095
0.05179405,0.014236462,0.012860513,0.013862585,0.04353955,0.014244558,0.022743585,0.0,0.022433113,0.02660838,0.015377457,0.02015775,0.019337926,0.02361317,0.03813849,0.037154786,0.01147202,0.025761908,0.023255125,0.012787244,0.012749657,0.011839225,0.014167782,0.013219007,0.016607117,0.015363527,0.026051655,0.043956086,0.012482873,0.011538271,0.012190491,0.014336212,0.014868886,0.01413016,0.0122502195,0.012138844,0.011659942,0.015029019,0.012545151,0.0129795335,0.011084521,0.011816991,0.012425171,0.012923937,0.014192644,0.011300852,0.014521365,0.012408037,0.011442078,0.015124209,0.011234847,0.013165832,0.011610468,0.0118094245,0.015582848,0.011521453,0.011459144,0.0147895925,0.012104344
0.04571966,0.013920745,0.012761272,0.013330801,0.04560886,0.014251179,0.02259434,0.0,0.023856997,0.02644583,0.014646305,0.02020475,0.018498797,0.02141638,0.03639516,0.052254107,0.011272964,0.02413336,0.027536314,0.012983776,0.012630958,0.011756602,0.014557708,0.012771453,0.01573444,0.01597836,0.024427492,0.039497383,0.012359243,0.011009329,0.01242974,0.015037824,0.014928311,0.013626636,0.012220067,0.012218386,0.0116140945,0.01490794,0.012698334,0.014546316,0.011825797,0.01220083,0.013251932,0.011949297,0.014463835,0.0107564265,0.01152361,0.012546542,0.0120800305,0.014880323,0.011392576,0.01330285,0.011835292,0.011842859,0.015206721,0.011369921,0.010555817,0.014571378,0.011661746
0.055316396,0.013744889,0.012688826,0.013804318,0.04396793,0.014261565,0.023487438,0.0,0.02102641,0.0301538,0.016149586,0.016363861,0.01849429,0.02178695,0.04997705,0.039476022,0.011076887,0.02516427,0.021763578,0.012725611,0.01249872,0.012077758,0.014556454,0.014231041,0.014848518,0.014020307,0.024747672,0.041310564,0.012513445,0.010825598,0.012682188,0.014079532,0.01491448,0.013106283,0.012036516,0.0120040355,0.010915937,0.014875077,0.012433645,0.013457746,0.01123209,0.011862076,0.012507676,0.0124154575,0.013084472,0.010690219,0.013726203,0.011745095,0.011872851,0.01488608,0.0117712,0.014778433,0.01174108,0.0117631545,0.015315573,0.011017822,0.011173402,0.013459537,0.011392305
0.048649892,0.014307614,0.01269337,0.0135651855,0.041798167,0.013831089,0.022883054,0.0,0.023709236,0.026479026,0.017587801,0.02027005,0.018927122,0.023157597,0.037065733,0.044691507,0.011014517,0.023916483,0.02512653,0.013076046,0.0122435475,0.011892594,0.013713418,0.012906919,0.016413713,0.014978544,0.023095997,0.047147486,0.012288542,0.011052308,0.012123794,0.014477183,0.015416239,0.013421071,0.01183941,0.012111897,0.011917521,0.014873199,0.01295099,0.012849422,0.011141827,0.013524759,0.012624685,0.012694578,0.013316865,0.011076477,0.014758134,0.011751968,0.011927784,0.014192292,0.011241858,0.015188347,0.012025327,0.011710425,0.015349417,0.011460596,0.010886007,0.013297951,0.011366783
0.05380688,0.013941019,0.012526544,0.01298234,0.042836644,0.014830209,0.022905182,0.0,0.021537546,0.03018294,0.015785681,0.018733215,0.017524341,0.023057025,0.039614107,0.03999037,0.011187685,0.024059603,0.024955323,0.013400509,0.01305902,0.012048737,0.014195874,0.012042033,0.014478033,0.015090745,0.027049072,0.039910004,0.012601104,0.011541305,0.012798726,0.014429704,0.014029366,0.013478408,0.012403609,0.011727005,0.010928853,0.014868306,0.013004782,0.01388114,0.011388549,0.01247797,0.012532282,0.012750415,0.016727457,0.010547131,0.013531635,0.012286502,0.011831382,0.013637526,0.011397868,0.015325822,0.012152856,0.011541465,0.01550026,0.011523925,0.010981298,0.014775682,0.011667002
0.05254716,0.014529582,0.012523578,0.01397268,0.039895184,0.013934239,0.022830844,0.0,0.024457043,0.02853118,0.016354233,0.019516606,0.01797635,0.022560684,0.039138418,0.03941136,0.011458111,0.025690526,0.022347983,0.012834996,0.012995757,0.012208316,0.013827372,0.013678426,0.015381313,0.015420588,0.02345614,0.043233722,0.01274782,0.011871261,0.012593722,0.014533759,0.015124304,0.014164838,0.011990578,0.0117120845,0.010986728,0.014799132,0.0135750165,0.012778674,0.011580269,0.01262924,0.013962129,0.012563284,0.015846327,0.011084102,0.013405992,0.012467374,0.011912346,0.014814839,0.011584528,0.01194282,0.011632163,0.011296232,0.016195895,0.011366572,0.011075902,0.0146159865,0.01243361
0.056573633,0.014385234,0.012669071,0.01351824,0.043761954,0.013468093,0.022732968,0.0,0.021863932,0.030543687,0.014852019,0.017023325,0.017851893,0.021342333,0.038768645,0.038625985,0.011318367,0.026892757,0.02268173,0.013221347,0.012265281,0.012479519,0.013790749,0.012673624,0.0155615825,0.015226275,0.026797187,0.04070583,0.012820039,0.0115841385,0.01249262,0.015165443,0.014403115,0.014569496,0.0116813,0.012571899,0.010854003,0.014621853,0.012555156,0.014108043,0.011302375,0.013536321,0.01315861,0.0136119,0.013520233,0.01107981,0.013787319,0.012659239,0.011642636,0.014406253,0.012013104,0.013132318,0.01233475,0.011879672,0.015228205,0.010692953,0.011379298,0.0139917005,0.011620954
0.054761644,0.013700974,0.012273772,0.013933595,0.041676637,0.014176969,0.022735104,0.0,0.024490455,0.031038983,0.0158002,0.018872568,0.017704245,0.02108501,0.040576287,0.03901439,0.010967041,0.026610672,0.021933623,0.012486084,0.013290263,0.01212691,0.013935624,0.012713842,0.016054716,0.015273272,0.025912143,0.04075831,0.012512613,0.011158513,0.012284187,0.014317612,0.014720022,0.013867983,0.011426035,0.011868904,0.011571674,0.015063278,0.012548189,0.011966681,0.011229554,0.011940571,0.013354627,0.013022166,0.013729683,0.010831921,0.014139385,0.011969835,0.011523093,0.017837172,0.011336619,0.0155333895,0.011976993,0.011805045,0.015641294,0.011094266,0.0110932365,0.013485339,0.011246833
0.058051907,0.013514768,0.012399312,0.013619855,0.039048377,0.0140065495,0.022024628,0.0,0.02525131,0.02540212,0.014991193,0.021660239,0.019544002,0.021805396,0.036853816,0.044252608,0.011363953,0.024983278,0.023014821,0.012959308,0.012645935,0.0116842175,0.013885845,0.013021184,0.014807742,0.015932774,0.026580561,0.04638587,0.012408164,0.010846901,0.012621632,0.014794445,0.014861532,0.013216482,0.011711832,0.012161843,0.011086927,0.01490594,0.012583562,0.012769092,0.011290396,0.0128296055,0.012658633,0.012146274,0.014491985,0.0109590655,0.013196574,0.01213938,0.011588555,0.013880577,0.011344677,0.012466653,0.011736751,0.011851964,0.016395748,0.010752218,0.010514435,0.014137498,0.011959108
0.056370545,0.013886166,0.012204057,0.01371392,0.039376616,0.014518702,0.022254512,0.0,0.021848504,0.026513942,0.016308555,0.01856982,0.018438388,0.022900118,0.037582066,0.042722896,0.011376454,0.024082873,0.023913713,0.01365396,0.012761886,0.012243997,0.014296244,0.012242272,0.017158855,0.014931186,0.0248792,0.04754731,0.012411182,0.011416019,0.012402675,0.013750631,0.014387011,0.013800141,0.011856943,0.011793558,0.011244869,0.014322609,0.012248413,0.013555788,0.01121047,0.012648637,0.013728125,0.012792085,0.014518498,0.011085329,0.012661553,0.012421436,0.011740045,0.014841355,0.011541491,0.014165776,0.011598766,0.011673985,0.01601793,0.010834802,0.010555227,0.014998006,0.011479854
0.053114686,0.013921615,0.012512885,0.013711161,0.0374598,0.014170874,0.02307732,0.0,0.022834167,0.027932605,0.017395325,0.01919062,0.017647382,0.021043086,0.043444578,0.037938118,0.011129513,0.02444706,0.024656547,0.013247081,0.012353882,0.012331626,0.014107688,0.012358554,0.015930392,0.014698398,0.027250303,0.041866466,0.011951236,0.011091235,0.012558372,0.014897493,0.016021112,0.01403577,0.011697547,0.011980721,0.01160024,0.015137399,0.013023458,0.013698921,0.011324028,0.013210283,0.013435775,0.012443507,0.014943556,0.0108186,0.0135204615,0.012457394,0.011613532,0.015020332,0.011404709,0.014816613,0.01225581,0.01216975,0.0147501,0.011421447,0.0113575775,0.013626766,0.011944506
0.054878246,0.013578525,0.012022021,0.01325811,0.04188365,0.013763176,0.022639072,0.0,0.021768251,0.025613993,0.01649068,0.021353977,0.019759843,0.026401239,0.046750728,0.045700416,0.011136942,0.024108257,0.022511214,0.012468848,0.01231164,0.011305759,0.013763787,0.012829221,0.0153214885,0.015260334,0.02155251,0.04316858,0.011664042,0.011160803,0.012637227,0.014071273,0.015086783,0.013443587,0.011580227,0.011742235,0.011763681,0.014699192,0.012444887,0.0124335885,0.011246168,0.011956076,0.012845594,0.0122205885,0.013864956,0.011028297,0.012919689,0.0117183905,0.011513548,0.013695097,0.011175104,0.015475405,0.011923836,0.011506066,0.015093218,0.011228815,0.010998875,0.013689218,0.011572858
0.05220285,0.01378852,0.012697405,0.013544126,0.043883152,0.013581308,0.022894358,0.0,0.022743229,0.027156647,0.016327584,0.020939656,0.020327142,0.02482976,0.03703124,0.038928915,0.011205062,0.024791548,0.025212208,0.012359897,0.012606313,0.011668585,0.013615508,0.0139106,0.016128829,0.015853083,0.026287906,0.039444357,0.012326799,0.011377272,0.012803825,0.015008097,0.015136665,0.013324087,0.011867464,0.012119149,0.011806748,0.014458301,0.013231037,0.013313627,0.011218754,0.012665578,0.013932988,0.0123494705,0.013508675,0.011157083,0.0128904665,0.011873735,0.011484311,0.014685795,0.011262483,0.0146049345,0.011648164,0.012191468,0.015839646,0.010739235,0.011338376,0.014683143,0.011192717
0.056292143,0.013831712,0.01227487,0.013337361,0.040460832,0.014361449,0.021296455,0.0,0.022818008,0.028625635,0.016908139,0.020576647,0.018517049,0.022921761,0.03762624,0.04115736,0.011325748,0.024859566,0.022685902,0.013154789,0.012899308,0.01143356,0.013821355,0.014763649,0.01574833,0.015655072,0.024001295,0.04707378,0.012206614,0.011132692,0.012219956,0.01433826,0.014873138,0.013846812,0.011861493,0.011515493,0.012302809,0.015376302,0.01246472,0.012700952,0.011095682,0.011519698,0.012900664,0.012033713,0.014492234,0.010709566,0.01290541,0.012563281,0.0118938945,0.013657381,0.011519142,0.014882752,0.012050265,0.011450124,0.014936266,0.010940761,0.010843004,0.014649438,0.011689381
0.05290429,0.013877538,0.01202817,0.013710629,0.04275637,0.0140954545,0.022004016,0.0,0.025630383,0.02867164,0.014272233,0.017955871,0.01864359,0.020860085,0.037246276,0.043186028,0.010925093,0.027724536,0.023053018,0.012852289,0.012678357,0.01204713,0.013635995,0.013304735,0.016715134,0.016337942,0.025969293,0.042986285,0.011908166,0.0111644445,0.012259105,0.014823857,0.014643873,0.014256364,0.011665883,0.01235868,0.011789939,0.01496118,0.012614878,0.0125069665,0.010887332,0.012629208,0.012291554,0.012502013,0.014319123,0.010869019,0.0125928875,0.012126678,0.011553024,0.0149685275,0.011193665,0.014273866,0.011894376,0.01194825,0.016651116,0.01115381,0.011208241,0.014143535,0.011768069
0.05433428,0.013841084,0.012225721,0.0137046045,0.03995088,0.014245026,0.024570635,0.0,0.02250144,0.02824909,0.01655089,0.018903416,0.020105556,0.022729026,0.038843755,0.040203977,0.010960518,0.025164029,0.025728174,0.012703628,0.012645113,0.01210131,0.013973114,0.013307735,0.017551674,0.01502801,0.026760528,0.042887013,0.012046174,0.010951865,0.012097211,0.013272148,0.015413247,0.014119611,0.011834425,0.011756326,0.011096973,0.015383194,0.012517098,0.012588193,0.010768589,0.012090221,0.01286348,0.012437653,0.01381472,0.01108765,0.014846529,0.01140048,0.011150783,0.015342604,0.011542281,0.013546705,0.012209349,0.011640909,0.014631745,0.01129385,0.010831668,0.014344563,0.011309585
0.049612425,0.0140089495,0.012768751,0.013745734,0.04354018,0.015021518,0.023327071,0.0,0.022943007,0.02969519,0.0150568355,0.018558275,0.01648223,0.021795088,0.041806117,0.041444898,0.011536711,0.02417215,0.023761727,0.01378661,0.013362288,0.012193941,0.014423927,0.0130881155,0.015681013,0.0154827805,0.022928298,0.042918973,0.012561442,0.011960967,0.013329164,0.014186828,0.014329468,0.013523768,0.012077749,0.012078998,0.012110167,0.014357687,0.012974604,0.012977289,0.011567101,0.01203661,0.01315204,0.012400831,0.014744879,0.011150061,0.013601008,0.012545663,0.012328024,0.014676733,0.011431269,0.012429927,0.011902718,0.012032436,0.01573172,0.011629211,0.010859114,0.014319226,0.011850488
0.048135165,0.014251811,0.0127705615,0.013634699,0.04437096,0.014371494,0.023837894,0.0,0.021145381,0.03053009,0.016279668,0.01889889,0.018164696,0.024106022,0.041650932,0.038410936,0.010967501,0.026478922,0.022939542,0.012994537,0.013329823,0.0122452285,0.0140379965,0.013197651,0.0165467,0.015406046,0.025235614,0.039499022,0.012194737,0.011444385,0.012716373,0.015044404,0.015010696,0.013734546,0.012473109,0.012198594,0.011445293,0.014858025,0.012940031,0.011839255,0.011149326,0.0126081435,0.013341408,0.012452145,0.0148046175,0.011108461,0.013090662,0.0123536065,0.011938031,0.014601395,0.011809756,0.013136462,0.012061301,0.011590963,0.016294923,0.011289665,0.010777111,0.01421395,0.01204083
0.05858564,0.013719677,0.012323688,0.013732575,0.040132854,0.0139741665,0.023977278,0.0,0.020544112,0.026955457,0.01680338,0.019143013,0.018875618,0.02251224,0.039477218,0.042706292,0.011127835,0.024352085,0.023544073,0.013052054,0.0121044,0.012637174,0.014278609,0.013746282,0.015878983,0.014385484,0.02780166,0.046494458,0.012312022,0.011216372,0.012487394,0.013833639,0.0148558635,0.013440443,0.011733735,0.011660847,0.011242835,0.01411768,0.012044999,0.013338059,0.011077302,0.012460636,0.0126936585,0.012685853,0.015160728,0.010638087,0.013009736,0.012121133,0.011957026,0.01429448,0.010833308,0.012299232,0.011838969,0.011950409,0.015409049,0.010680095,0.010876346,0.0133352885,0.011528452
0.055207785,0.013938243,0.012328375,0.013497078,0.041336697,0.014644743,0.022789234,0.0,0.022711568,0.028440693,0.016008267,0.019340873,0.01903854,0.021198953,0.037521925,0.048943933,0.0112402,0.024212658,0.024105985,0.01325133,0.012544863,0.012029491,0.01392583,0.0131043885,0.015440454,0.015464054,0.027000882,0.037203677,0.012272287,0.011349917,0.012833476,0.014381626,0.015237991,0.013855606,0.011932328,0.012093834,0.011187399,0.014429777,0.012858193,0.014576359,0.011570589,0.011681871,0.013428334,0.0120152,0.014086493,0.011278359,0.012699927,0.012352633,0.011589765,0.014006968,0.011718538,0.012750401,0.01197039,0.011869614,0.015622982,0.01110797,0.010773243,0.0143117625,0.011685404
0.05432077,0.014225165,0.012625347,0.013319045,0.04257206,0.014022509,0.023316992,0.0,0.022234937,0.02989865,0.014675491,0.019478139,0.017177658,0.02082555,0.040801883,0.039786644,0.01115027,0.025574341,0.022270408,0.012783494,0.013144262,0.012475931,0.014557997,0.013219153,0.016611995,0.015044601,0.026875082,0.041778717,0.01204322,0.011646975,0.012643308,0.014049985,0.015374491,0.014248473,0.011610668,0.012302747,0.011701957,0.014168362,0.012588639,0.013631542,0.011007833,0.012855163,0.013145796,0.012652194,0.014557275,0.011364534,0.013103005,0.012249631,0.011509548,0.014399982,0.011258594,0.013963389,0.011790882,0.0117395995,0.014369504,0.011252273,0.0112010315,0.015175291,0.011626881
0.052149102,0.013868754,0.012346609,0.013063407,0.04494954,0.0139694195,0.021633876,0.0,0.024481962,0.029155014,0.016767673,0.017695472,0.017598202,0.021496065,0.038680986,0.047806535,0.011227543,0.02342297,0.024672601,0.012681597,0.0121191,0.011711604,0.013390389,0.0122396,0.014607225,0.014823711,0.02575429,0.044411577,0.012397155,0.011208021,0.012629209,0.014466187,0.014469546,0.013453489,0.011786196,0.012031298,0.011783915,0.0147484755,0.012611689,0.01432958,0.011133613,0.012378122,0.013320277,0.012946634,0.013832863,0.0111753205,0.012978694,0.01192342,0.0114594735,0.015047872,0.011082149,0.0141850505,0.011989384,0.011715586,0.015059755,0.010920936,0.010984605,0.013657273,0.011569478
